{
  "best_times": [
    5.351085901260376,
    3.0847108364105225,
    4.385232210159302,
    4.551698207855225,
    6.551503896713257
  ],
  "best_total_time": 31.058595418930057,
  "version": "1.2.3"
}